filename,status,bytes,sha256,mod_ids,display_names,declared_versions,metadata_note
a2w-1.0.0.jar,active_jar,17963,27a783d9476bd08b2597f1a80b383a81a7a4516ab91631959872950d5bd9d289,a2w,Map Atlases + Waystones Compatibility,1.0.0,
AchievementOptimizer-1.20.1-1.0.5.jar,active_jar,11897,d5fc55ae07a5aba075824f33800898484414d48ece22bed7a7b43178e59ab07c,achiopt,AchievementOptimizer,1.0.5,
addonslib-forge-1.20.1-1.11.jar,active_jar,132310,5e8679dbe21e6cb77b56b67422465204064bf80b3d33e7913239707c76c8699e,addonslib,AddonsLib,1.20.1-1.11,
alex-mobs-tweaks-omni-1.3.1.jar,active_jar,119343,d50763a4c07b306a3b4ff8a3a4ee9336f5493d86618b78c35cc4883ba5a2c299,amt,Alex Mobs: Tweaks,1.3.1,
alexscuisine-1.1.3.jar,active_jar,1170675,7aaef3bbc81af63d704c54dd3ac64ed7653cc0c6e9d34d0756bed0c019946501,alexscuisine,Alex's Cuisine,1.1.3,
alexsmobs-1.22.9.jar,active_jar,26350793,16bc5bcc19db9029c24f951346ec71098e6f5b0afef96e61894a2e9407aad37c,alexsmobs,Alex's Mobs,1.22.9,
alexsmobsinteraction-6.0-all.jar,active_jar,7305364,fbf361f9be3b60b07bd4cf497aff5bd6ee5e80d4499bfc6e1afbac72e8e11e9b,alexsmobsinteraction,Alex's Mobs Interaction,6.0,
alltheleaks-1.1.3+1.20.1-forge.jar,active_jar,1274165,4bb5a05d7f9caa9e689e43c4b4b65540b67afe53bb7c9e810465f63da4744685,alltheleaks,All The Leaks,1.1.3+1.20.1-forge,
Ancient-Obelisks-1.20.1-1.2.8.jar,active_jar,358518,02f469f918d806be63ce208c31306e3d9b3abe1a67967416f5b63b1a4b5f8a5c,ancient_obelisks,Ancient Obelisks,1.2.8,
Animation_Overhaul-forge-1.20.x-1.3.1.jar,active_jar,270915,63671e2de35d9b6bf4e09ea68574a6a37c9f35a54c97b6f65fbcf6f2da4cdde5,animation_overhaul,Animation Overhaul,1.3.1,
Apotheosis-1.20.1-7.4.8.jar,active_jar,2803994,5ed8c17cf62837bb649d1054e3e4fe93c4d9bdec98fe9f332e2637a260da30da,apotheosis,Apotheosis,7.4.8,
apothic_cataclysm-1.0.1.jar,active_jar,418889,d3878543488c31f3c1f9f3f9ad2272dffc976d8f3fd0ae430ce2caa4c287aa8b,apothic_cataclysm,Apothic Cataclysm,${file.jarVersion},Unresolved metadata placeholder; use filename and hash; not a runtime version claim.
apothic_fishing-1.20.1-1.0.1.jar,active_jar,308429,214fb7eeea78b034e5d89684c787d371b9287927757968022f37fa9743a843b6,apothic_fishing,Apothic Fishing,1.0.1,
apothic_materials-1.0.0-forge-1.20.1.jar,active_jar,138051,e288079cfc21112a1ceb03f5f9e9491c0c702a6ec3f5582003981f7fb1d9d4b1,apothic_materials,Apothic Materials,1.0.0,
ApothicAttributes-1.20.1-1.3.7.jar,active_jar,227511,68487b11c0d4e2f67a85f2b04bf65e99ac15294f2923f4391f83e9542293187a,attributeslib,Apothic Attributes,1.3.7,
ApothicCurios-1.20.1-1.0.3e.jar,active_jar,13935,6e4118e2e6b95b29e6c5acaccaf9134bce745fe978e5439552daa8fbc23b7287,apothiccurios,Apothic Curios,1.0.3e,
appleskin-forge-mc1.20.1-2.5.1.jar,active_jar,47428,e12419e43e3babc810af289403c5cd96bd7f09809b389acc6bb2f122b4b2a426,appleskin,AppleSkin,${file.jarVersion},Unresolved metadata placeholder; use filename and hash; not a runtime version claim.
archers_paradox-1.20.1-5.0.0.17.jar,active_jar,193186,e67f1c2b3bf35ce0ee53f2a62a73231dcbe37a172e54eabe65ee5486a45f5da6,archers_paradox,Archer's Paradox,5.0.0,
architectury-9.2.14-forge.jar,active_jar,580602,218b471d0b8a1f6cda14cfc1beb9eeb0df54304500acc6c5613d9b88ec65d9af,architectury,Architectury,9.2.14,
areaeffectcloud3d-1.0.4.jar,active_jar,15315,be56747d150d32e86768dec08ef67a7b1d3be485beadb96e9a63283c198822c5,areaeffectcloud3d,3D Area Effect Clouds,1.0.4,
ars_botania-1.1.2-all.jar,active_jar,234912,50fcc40adf566eaf88b398981f1e655c48822161b22f6f5bc033b3feb76f9391,ars_botania,Ars Botania,1.1.2,
ars_n_spells-3.3.4.jar,active_jar,2304364,3103f169f92a7d66f79a20c3f4e082e02a38b93034c80d7e9df4053f080b35f6,ars_n_spells,Ars 'n' Spells,3.3.4,
ars_nouveau-1.20.1-4.12.7-all.jar,active_jar,12430237,1f1debc282a0c379c1141f2840ea294eede6f6b544c589663f40bbe17b59a1af,ars_nouveau,Ars Nouveau,${file.jarVersion},Unresolved metadata placeholder; use filename and hash; not a runtime version claim.
awesomedungeon-forge-1.20.1-3.2.0.jar,active_jar,414203,7d1504713f1623e75d01d4d986b1b4bcafc4bfd69ab20bf4ae625f8c4da851bd,awesomedungeon,Awesome dungeon,3.2.0,
awesomedungeonnether-forge-1.20.1-3.1.1.jar,active_jar,234660,588f68402bee25f2a0a46783951e8500eff008b40e479f9dab976b48f9aa94c5,awesomedungeonnether,Awesome dungeon nether,3.1.1,
ba_bt-1.20.1-3.0.0-beta3.2.1.jar,active_jar,54453322,df9cbc8b7f657858d1fa823c6eabe1af027e02c0e9b5fdbd5c4398ae97653ed6,ba_bt,Brass-Amber BattleTowers,1.20.1-3.0.0-beta3.2.1,
baguettelib-1.20.1-Forge-2.0.7.jar,active_jar,63126,ee4f97eff5bba00e37ea1ab72608b8fdf65964741eaf29a91b030bc5a80dbc9b,baguettelib,BaguetteLib,2.0.7,
balm-forge-1.20.1-7.3.43.jar,active_jar,561741,1ef7820c2587d2ecee26a8b941427f08bbc1058a8dd376cf45e3fa6df1cba69e,balm,Balm,7.3.43,
bc_particle-0.0.6-forge-1.20.1.jar,active_jar,143121,3a47394a3d3f0c0d29dc6c3ba3b80d98bc9ced1807e4954799e0953a06328791,bc_particle,Better Combat Particle,0.0.6-forge-1.20.1,
BetterBurning-Forge-1.20.1-9.0.3.jar,active_jar,12868,98c46d5bcf264b7f5bae0d641e3a90ad36563bd72247eecb88822f0a9754c85c,betterburning,BetterBurning,9.0.3,
bettercombat-forge-1.9.0+1.20.1.jar,active_jar,1054339,49c69dccf2c641246b4e3deca81ebac21f0ee119e81fc713b838b8e33569eea1,bettercombat,Better Combat,1.9.0+1.20.1,
bettersafebed-forge-1.20-9.jar,active_jar,5853,37e966557d8293919a31cf4304fc8eba134b7207c8c5f198fd14210f5fcda914,bettersafebed,Better Safe Bed,${file.jarVersion},Unresolved metadata placeholder; use filename and hash; not a runtime version claim.
BetterThirdPerson-Forge-1.20-1.9.0.jar,active_jar,61525,e8b575996cc5ff40e010161cca8923b8367ce210999da7f00487d4ce0de63755,betterthirdperson,Better Third Person,1.9.0,
BetterTridents-v8.0.1-1.20.1-Forge.jar,active_jar,89292,68d25f31e6061a131caf282b5f7f3d63cb68dbed34c94f71141523a1f207d5cc,bettertridents,Better Tridents,8.0.1,
block_factorys_bosses-2.1.2-forge-1.20.1.jar,active_jar,23963009,8c61087aa483f90861451682519582e03fa76e773d855e35180a8ed3428938bc,block_factorys_bosses,Bosses'Rise,2.1.2,
BoatBreakFix-Universal-1.0.2.jar,active_jar,6866,c3085a8ab45025ff581dbdeba334514611b68d41995cb8685264a595029de969,boatbreakfix,Boat Break Fix,${file.jarVersion},Unresolved metadata placeholder; use filename and hash; not a runtime version claim.
BOMD-Forge-1.20.1-1.1.1.jar,active_jar,1751110,4530411d4cd1004f3a6ad248c6bda667c364ee4fd345ceb7a20c947ef093e3be,bosses_of_mass_destruction,Bosses of Mass Destruction,1.1.1,
booklinggear-1.20.1-3.15.jar,active_jar,313787,5d3c24c199e2ee7f086103f49403b918db9488b7690fc53b50bb4c2b9b6e299a,booklinggear,Bookling Gear,3.15,
Botania-1.20.1-456-FORGE.jar,active_jar,12226445,3cf540357c9cb5e460266b17a02617656df6cc7090a565fca2a462b1c3aba4ae,botania,Botania,${file.jarVersion},Unresolved metadata placeholder; use filename and hash; not a runtime version claim.
Bountiful-6.0.4+1.20.1-forge.jar,active_jar,502662,ba171d8cf146faa138563b4b7114742e1589fc444fce7503a1779eb80a8a4765,bountiful,Bountiful,6.0.4+1.20.1,
brewchew-1.20.1-5.8.jar,active_jar,874988,b088f9564b41ef84c5d234ab7c5d69d1f60b6619f372612208fa787cf11a3660,brewchew,Brew'n Chew,5.8,
BrewinAndChewin-1.20.1-3.2.1.jar,active_jar,1206255,d06edc7a145e8808903b7bd06e0639458a817fbc4ee589be239c0af77a6367db,brewinandchewin,Brewin' And Chewin',1.20.1-3.2.1,
Brute Force Culling Revived-forge-1.20.1-2.2.jar,active_jar,197657,91c56c84fbdc582788f59d0b8a7f9b3d6023b0ed1676a284e4655b7e60db8958,brute_force_culling_revived,Brute Force Culling Revived,2.2,
burningfurnace-1.20.1-5.2.jar,active_jar,570434,7b87f070840d3707d85da3759851dfe7c29e9640f00bcfb8a550d2a7bcf5fad8,burningfurnace,Burning Furnace,5.2,
burnt_basic-1.10.5-forge-1.20.1.jar,active_jar,21557307,140f311b2edb46421e6257dbf3b75399eec0535e08d60b9a6383037aff383e93,burnt,Burnt Basic,1.10.5,
caelus-forge-3.2.0+1.20.1.jar,active_jar,40125,37495445e79df8b30a3a038a0051f3c8aa8447f91a9d0aa0d20baef69dda9368,caelus,Caelus API,3.2.0+1.20.1,
canary-mc1.20.1-0.3.3.jar,active_jar,594191,51f6d78dd6c7874657e5757fd2f5d780aa3cd415052ad071077b8894c6430942,canary,Canary,0.3.3,
cataclysm_dimension-forge1.20.1-1.5.7.jar,active_jar,196458,f81ddca39df93e66532570514eb19d5ee42fffbda8ad684344cdab7f0ace7802,cataclysm_dimension,Cataclysm Dimension,1.5.7,
cataclysm_rise-1.1.1.jar,active_jar,31403,40dd25e1f96412a9d24afc542c018024a8c70b90dc02f187f458b98873a42c99,cataclysm_rise,Cataclysm's Rise,1.1.1,
cataclysmfortresses-1.20.1-Forge.jar,active_jar,19871,92d6cc2811d51f375e4f751928145edc35222ad6833a3c49e5a9923a4e5cf79a,cataclysmfortresses,Cataclysm x YUNG's Better Nether Fortresses Compat,1.20.1,
CataclysmSummons 1.20.1-1.0.1.jar,active_jar,41167,379d32af6b04c022c08fe62921ae1a65a95deaf5687963a34b5428a68fa6cfdc,cs,Cataclysm Summons,${file.jarVersion},Unresolved metadata placeholder; use filename and hash; not a runtime version claim.
CerbonsApi-Forge-1.20.1-1.0.0.jar,active_jar,134593,b764f411ddcf4612b27774166d227d3bc92741e1a89ac0590aa3dbba432ab249,cerbons_api,CerbonsApi,1.0.0,
chatanimation-forge-1.3.3+mc1.20.1.jar,active_jar,1067270,431da94acc595487a27b174c40c15c6e2ccce5a8e9538ed8ee04f2d95eacdca3,chatanimation,ChatAnimation,1.3.3,
chatnotify-forge-2.6.9+1.20.1.jar,active_jar,1020477,9fc70dc75d93a8d5ec675d49525629c89ed26aebe0e23c421f214fd7d4472562,chatnotify,ChatNotify,2.6.9+1.20.1,
chefsdelight-1.0.4-forge-1.20.1.jar,active_jar,98303,c8af30759853f16de8025eaa175526a62fb3c2df705c31f50c7f779942361e00,chefsdelight,Chefs Delight,${file.jarVersion},Unresolved metadata placeholder; use filename and hash; not a runtime version claim.
citadel-2.6.3-1.20.1.jar,active_jar,3185275,56c7ab87348a5292583aac787b6cf11b5193e77f02af1d17ea75a96f8640b3ce,citadel,Citadel,2.6.3,
cloth-config-11.1.136-forge.jar,active_jar,1181413,1e895e85cf5b1e1905ef3178ec155c8badfe22a1577b92c09143a5aa1f4ce0f2,cloth_config,Cloth Config v10 API,11.1.136,
cofh_core-1.20.1-11.0.2.56.jar,active_jar,1509649,d7cd3ec8083e294e17cb50fe607b416c1dc83ce885e53ba3995d86e028f790e0,cofh_core,CoFH Core,11.0.2,
collective-1.20.1-8.39.jar,active_jar,745947,594bc5d40f2a3fec1ad95732524f65e01a27ac2abeb9d59889cd9f01fd8db6cb,collective,Collective,8.39,
Controlling-forge-1.20.1-12.0.2.jar,active_jar,115280,516308a93824119f6a1ebc75425aa21ee8f8de0c331942793a054ba6d9c24944,controlling,Controlling,${file.jarVersion},Unresolved metadata placeholder; use filename and hash; not a runtime version claim.
coroutil-forge-1.20.1-1.3.7.jar,active_jar,64187,11448808a42c17425cf2ea39701841008683d6ad6e2838a34eef0253251a870f,coroutil,CoroUtil,1.20.1-1.3.7,
corpse-forge-1.20.1-1.0.23.jar,active_jar,245644,8d77c5fc8dc981c750a8e66d4665f055457f748f0ce49a303d9bc50347bdbf7c,corpse,Corpse,1.20.1-1.0.23,
corpsecurioscompat-1.20.1-Forge-3.1.3.jar,active_jar,23655,fd2cb6cf0dc5b66316c265e54e9681883f33d52427e04aded9bf4ef6c20b9fa3,corpsecurioscompat,corpsecurioscompat,3.1.3,
cosmeticarmorreworked-1.20.1-v1a.jar,active_jar,88752,c790e8671625b05ec0aa19272e0ea74ea95619f953e3c6f39a6736af0d386804,cosmeticarmorreworked,CosmeticArmorReworked,1.20.1-v1a,
cosmeticcorpsecompat-1.19.x-1.20.x-Forge-1.0.0.jar,active_jar,9595,21bdce92f3fecbf6c07efd70b3ff81f8d74eb02b14030b9a405b18c7da34d5cd,cosmeticcorpsecompat,Cosmetic Armor x Corpse Compat,1.0.0,
crafty_uncraftables-forge-1.20.1.jar,active_jar,11055,e6703bf9a9383e5379303384b5d5ff560a9ce8a3aebf8c93d986a1c72aa49485,crafty_uncraftables,Crafty Uncraftables (1.20.),1.0.0,
CreativeCore_FORGE_v2.12.39_mc1.20.1.jar,active_jar,1144128,3565ddea132785a044ddfca670610a870c976e52d47a957d0a5f1db78563d046,creativecore,CreativeCore,2.12.39,
creature_compendium-1.3.2.jar,active_jar,1109959,1d1ddba1869922aeab138ca5054b65d1f4dcd000261c449d307b94dc4983aaf3,creature_compendium,Creature Compendium,1.3.1,
creeperoverhaul-3.0.2-forge.jar,active_jar,1456860,212eb2a2d767f54fbfbac2336c63fe2bd1aae4d827ab358da329a746358b6dd9,creeperoverhaul,Creeper Overhaul,3.0.2,
crust-1.20.1-4.17.28.jar,active_jar,1461134,5aa147502f0bd4706025a624419dd00f3f5f2799f72a6305a61159949a341145,crust,Crust,${file.jarVersion},Unresolved metadata placeholder; use filename and hash; not a runtime version claim.
culturaldelights-0.16.7.jar,active_jar,267386,b4c587bf5ce53ff6381b7e36b653fab91380b3eb3bcf7bec9c295755433362a3,culturaldelights,Cultural Delights,0.16.6,
cupboard-1.20.1-4.2.jar,active_jar,33422,6a384b880c2429e017f83657438e1fc00d091592cc2860d6d2986094bac5d48f,cupboard,Cupboard utilities,${file.jarVersion},Unresolved metadata placeholder; use filename and hash; not a runtime version claim.
curios-forge-5.14.1+1.20.1.jar,active_jar,398066,1e817919a35b37cf30524aaec73f0ca5130452f23f168f844854df282eb8e51f,curios,Curios API,${file.jarVersion},Unresolved metadata placeholder; use filename and hash; not a runtime version claim.
curiouslanterns-1.20.1-1.3.7.jar,active_jar,35886,41231ccafb467b76fcf1ddd163925e66366844b190d72d4d36c7133903a25f92,curiouslanterns,Curious Lanterns,${file.jarVersion},Unresolved metadata placeholder; use filename and hash; not a runtime version claim.
customvillagertrades-forge-20.25.0.jar,active_jar,55863,fcf5646ff6f65c7d67eb9be0901724f4f2055d35dad1f015395986050c01b7d0,customvillagertrades,Custom Villager Trades,20.25.0,
daily_rewards_1.20.1-5.3.0.jar,active_jar,160797,1fff191dfd9c60afd742f5b7377a7860e1e3aebdb27cdeabf088c261916d3939,daily_rewards,Daily Rewards,${file.jarVersion},Unresolved metadata placeholder; use filename and hash; not a runtime version claim.
DailyBoss-1.20.1-1.8.jar,active_jar,7142861,28445d77d6c3fe59abf9dfcdadd29ea0c89816967c1bf20423e1a86d537e21c7,pladailyboss,Daily Boss,1.8,
DailyBoss-BossesofMassDestruction-1.20.1-1.0.jar,active_jar,10383157,573ed3a56ddd72dc556af47d9a79d86ad85d4cbb7c2be05f0d5d7c351099bfe1,dailyboss_bosses_of_mass_destruction,Daily Boss x Bosses of Mass Destruction,1.0,
DailyBoss-BossesRise-1.20.1-1.1.jar,active_jar,14584975,c48ec2cc5759be8a2c01e11b9296d415936b4a5bfbab5b97bd4277fb89024657,dailyboss_bosses_rise,Daily Boss x Bosses Rise,1.1,
DailyBoss-Cataclysm-1.20.1-1.1.jar,active_jar,27293344,034301100fcc011d502281f27deb6481bab11d07e345a7304915cca91fb0e941,dailyboss_cataclysm,Daily Boss x L_Ender 's Cataclysm,1.1,
dotcoinmod-forge-20.18.1.jar,active_jar,103980,59c1a2f71c3a8ec3ac7ed68cbaead33a6e06f42c8e7f43aa17e1f2d30de018ee,dotcoinmod,Dot Coin Mod,20.18.1,
DragNs_Livestock_Overhaul-1.20.1-3.9.4.jar,active_jar,8036687,ef44c0071a3133bf9a0b6275e7829f170787abc28b86f68b6f495be720b62a5f,dragnlivestock,DragN's Livestock Overhaul!,3.9,
DragNs_Pet_Overhaul-1.20.1-2.1.jar,active_jar,1148110,31caae96aa457e8a39078c150ff5966b188427a0d7462157f14c14c7ea6fd83a,dragnpets,DragN's Livestock Overhaul: Pets Addon!,2.1,
Dungeon-Realm-1.20.1-1.1.16.jar,active_jar,4278094,f560e6e387fe6cb22dd8937d775b59e794f0cf24d5d67628fe0e3f12c02f75e8,dungeon_realm,Dungeon Realm,1.1.16,
dungeons-and-taverns-3.0.3.f[Forge].jar,active_jar,13161907,251b531ff2882c61a4c2eba3bd7b1683aa22b6c2d459e27bfde04a2948c99e1e,mr_dungeons_andtaverns,Dungeons and Taverns,3.0.3.f,
dungeons-and-taverns-ancient-city-overhaul-1 [Forge].jar,active_jar,691038,74e6e1f495a92ab6c2bb15d3df611cc19ff591fc7bab5a50b5159b9fb1e90fd7,mr_dungeons_andtavernsancientcityoverhaul,Dungeons and Taverns Ancient City Overhaul,1,
dungeons-and-taverns-pillager-outpost-rework-1.1 [Forge].jar,active_jar,483330,7235cd1a473a565cf1c0d5f098233e8de68068924322d6faccde47bb14346135,mr_dungeons_andtavernspillageroutpostrework,Dungeons and Taverns Pillager Outpost Rework,1.1,
dungeons-and-taverns-swamp-hut-rework-1 [Forge].jar,active_jar,191077,a14222bf03c82768ced71a6e5ef7abb436d5ae3cddb816dab171996b694d2762,mr_dungeons_andtavernsswamphutrework,Dungeons and Taverns Swamp Hut Rework,1,
DungeonsArise-1.20.x-2.1.58-release.jar,active_jar,8762342,f8f1254dbe7ed7c1d5403f20361a36f0d0587c82b71313e3f427c7f1ce7c8a90,dungeons_arise,When Dungeons Arise,2.1.58-1.20.x,
DungeonsAriseSevenSeas-1.20.x-1.0.2-forge.jar,active_jar,248169,4d8b2ee057d08cf13be96d05a08fc933e835d6c36395c692662871d4a1319be2,dungeons_arise_seven_seas,When Dungeons Arise: Seven Seas,1.0.2,
dynamicvillagertrades-1.3.1-forge-1.20.jar,active_jar,272294,c2470be504b6851ab279131cc35362c51c9cce3dd3fd9950aa9585a69fa990d3,dynamicvillagertrades,Dynamic Villager Trades,1.3.1,
EasyAnvils-v8.0.2-1.20.1-Forge.jar,active_jar,141744,a08b641e6cc1d4867e0878826ac4fb9e55b45907d0fa3429172ecad8cd678ce9,easyanvils,Easy Anvils,8.0.2,
easyelytratakeoff-1.20.1-4.5.jar,active_jar,29913,c282e14624cf80284779350120db58ef7695c9891ebe6842ca5dee32774562b6,easyelytratakeoff,Easy Elytra Takeoff,4.5,
EasyMagic-v8.0.1-1.20.1-Forge.jar,active_jar,115947,235a2b0be24bc83a89253e0ee4fc973abfc7cc7caed0fdd698dd139ba91ec367,easymagic,Easy Magic,8.0.1,
easynetheritev1.jar,active_jar,394849,3bfc899e3a80ded9d230f02524665e66d03cf5e33219b768d45e6c94dae3f1c8,easy_netherite,Easy Netherite,1.0.0,
EasyShulkerBoxes-v8.0.2-1.20.1-Forge.jar,active_jar,581742,721a68a7a59183cbb45a0b1b549ac8b2855e46b0ff95e58e7d203dd713551831,easyshulkerboxes,Easy Shulker Boxes,8.0.2,
effectual-forge-1.4.1-1.20.1.jar,active_jar,322683,23fa9a27afa26a90dd37a5cf69df2fe71281b2ca1ba1d98b2f8917d08d908ce6,effectual,Effectual,1.4.1-1.20.1,
ElysiumAPI-1.20.1-1.1.3.jar,active_jar,107624,807095e7df50d25d400d07ed8bccca7ab12ea5a28cb8a99e077750ebbb8df765,elysium_api,Elysium,1.1.3,
embeddium-0.3.31+mc1.20.1.jar,active_jar,1320675,eed3d1325f2acc2fd4e69bb495e5ccb91d962126ac5330f0582ebc2a3daf47fb,embeddium; rubidium,Embeddium; Rubidium (Embeddium),0.3.31+mc1.20.1; 0.7.1,
end_remastered_promax-1.1.1-xian.jar,active_jar,239214,51cf59313b6accc867ddff317c40e67991892d320d7ab4c0e02824eceab0e861,end_remastered_promax,End Remastered ProMax,1.0-SNAPSHOT,
endrem_forge-5.3.3-R-1.20.1.jar,active_jar,889634,19295ca4a798f2e813f359fa376f586bc57fadacd78b7e32440257f9f8bf2557,endrem,End Remastered,${file.jarVersion},Unresolved metadata placeholder; use filename and hash; not a runtime version claim.
EnhancedVisuals_FORGE_v1.8.33_mc1.20.1.jar,active_jar,4728528,432a9e565e94ff3e1ecbd1ea00b387eac1d49c06dd61646a92e5fce65fdc5c23,enhancedvisuals,EnhancedVisuals,1.8.33,
expanded_experience-2.1.0-forge-1.20.1.jar,active_jar,150256,fa22e34553dc7797609bbfb18df7b43a2506bd71e3a213ecf09060061613f317,expanded_experience,Expanded Experience,2.1.0,
ExtraBounties-universal.jar,active_jar,276729,f220af555bc7b5922b83ba67062e6f0428435a1c613d44e77f5fdb6eb3314674,extrabounties,ExtraBounties,2.1,
extragore-1.20.1-5.2.3.1.jar,active_jar,49559,c3d2547819d06deb51906e1abf7bf44e229f1d6e1dad274fa1c9ea1fe3950632,extragore,Extra Gore,5.2.3.1,
ExtraLib-3.1.1-1.20.1-Forge.jar,active_jar,7974991,534829d144788e615a3dcfad9f245e924e6f5d2eca3bcb6411dce77fa3c2300e,extralib,ExtraLib,3.1.1,
fabric-api-0.92.6+1.11.15+1.20.1.jar,active_jar,3065815,ffb61c81b9025297048fd647902f4c67c016073c0e94da100125e9aa1168c194,fabric_api,Forgified Fabric API,${file.jarVersion},Unresolved metadata placeholder; use filename and hash; not a runtime version claim.
fallen_lib-1.4.6.jar,active_jar,320263,40cdff724ad46ef9ec65cdfad6edb054b9bdc285d87a78ec496c9c33b057f210,fallen_lib,Fallen Lib,1.4.6,
FancyBlockParticles-1.20.1-forge-20.1.6.0.jar,active_jar,495691,40a125110eb14ecca6f9205e32b84c4a8e16fb2c03eff2dc064700324d5cbf20,fbp,FancyBlockParticles,20.1.6.0,
fancymenu_forge_3.9.12_MC_1.20.1.jar,active_jar,26181250,60aa6a94e0c021c989bbea978ea6a233ac2e23e364f15825a8beb7b5ab0b94cf,fancymenu,FancyMenu,3.9.12,
farmers-cutting-regions-unexplored-1.20.1-1.1b-forge.jar,active_jar,102094,6aa3b50e5e7e893d4f9733ba386226d750296f82f9bbb011278cbb26f8eafd38,mr_farmers_cuttingregionsunexplored,Farmer's Cutting: Regions Unexplored,1.20.1-1.1b-forge,
FarmersDelight-1.20.1-1.3.4.jar,active_jar,3311051,34f03eb671ea1ca579b00c98e4541404cb96d1a292014aed9cc5eb45ad8afbce,farmersdelight,Farmer's Delight,1.20.1-1.3.4,
farmersdragn-1.1.jar,active_jar,91569,3e72c0931818f8aceaf7c6362d48a65683aab2a02f829983a6720b61fa4d5188,farmersdragn,Farmer's DragN,1.1,
FastSuite-1.20.1-5.1.2.jar,active_jar,26600,5e05cb3ce05785a0061a41b7a83443074a6c26dd7d9db75c453fa2487481d54e,fastsuite,Fast Suite,5.1.2,
ferritecore-6.0.1-forge.jar,active_jar,123034,9c2c9396a49e796d88497758caa4637d2bcbb433c318e2dd9cebcffbaf0f6c54,ferritecore,Ferrite Core,${file.jarVersion},Unresolved metadata placeholder; use filename and hash; not a runtime version claim.
FireSticks+V.1.5+[1.20.1][FORGE].jar,active_jar,16015,217a5ad3ea023fd05a5004d7bef6a1b38f48c54bdd13ba94f6a3a72398601396,survival_firesticks,Survival Firesticks,1.0.0,
firstperson-forge-2.7.2-mc1.20.1.jar,active_jar,1800545,1ea260b6475ba8148a20a6d18a11f7e20313a5abf6764b981923400ab61c9f9a,firstperson,FirstPerson,2.7.2,
forge-medievalend-1.0.1.jar,active_jar,169369,f65d1a3defd3d9d56d498ee79b6eeda8ec91193e6c2f989581e23f8069f4499f,medievalend,Medieval Buildings [The End Edition],1.0.1,
fragmentum-5.0.0+1.20.1-forge.jar,active_jar,7947567,b7c2369a09f80a8eeb119bd79a6cd9da6a1c656ad67a56afab446b413d2ed1a8,fragmentum,Fragmentum,5.0.0,
fruitsdelight-1.1.3.jar,active_jar,1895935,ad136ea910d1b09bab90425168f64d841ea4f57d49f8a616da9882c7d6d8aec1,fruitsdelight,Fruits Delight,${file.jarVersion},Unresolved metadata placeholder; use filename and hash; not a runtime version claim.
ftb-library-forge-2001.2.13.jar,active_jar,780558,41810281b65336265cae2c88412022d02f2f0a3f28c66a06173d86f98acf14a7,ftblibrary,FTB Library,2001.2.13,
ftb-teams-forge-2001.3.2.jar,active_jar,252579,b1cb4d82ea9f137a87e12a7aaf3329619294b56f7d70337dfd557a76e10b6e07,ftbteams,FTB Teams,2001.3.2,
fzzy_config-0.7.7+1.20.1+forge.jar,active_jar,2397175,c4acf6fd3ce66ff28050dd9fdbff25c407f98a4911311ff3f59d651acccc9575,fzzy_config,Fzzy Config,0.7.7+1.20.1+forge,
geckolib-forge-1.20.1-4.8.4.jar,active_jar,1038209,c04abba4fd354dd8c0e8a732f1f05f4dca893d2e1d962b2ab128bbd411478747,geckolib,GeckoLib 4,4.8.4,
GlitchCore-forge-1.20.1-0.0.1.1.jar,active_jar,87550,e42a8b513da08a910c133caeafad9fc2fcc22fdaaa2eb3e2516e9112a5a0db61,glitchcore,GlitchCore,0.0.1.1,
guidetome-1.0.2.jar,active_jar,241003,b08f005f4efbaaaa2659ec8a6448c7d6d6ee6c95b51dc74a1b0b355df78e0482,guidetome,Guide Tome,1.0.2,
hardcore_torches-1.20.1-x.jar,active_jar,237192,f75b9b688ab3e2909f86d546ae134f4472118f451eac836d1fccb9326289643e,hardcore_torches,Hardcore Torches,1.20.1-x,
HotVP-forge-1.20.1.jar,active_jar,93671,c4dedab0ff364b93ec817ec4b11d770424a7697d40a6478017e631d118fdcfa3,hero_of_the_village,Hero of the Village +,1.0.0,
Iceberg-1.20.1-forge-1.1.25.jar,active_jar,134551,91ad6b459e0c7a16a9f3dc90230248a696600ceec6646aa23263559b8648dbc3,iceberg,Iceberg,${file.jarVersion},Unresolved metadata placeholder; use filename and hash; not a runtime version claim.
ImmersiveUI-FORGE-0.3.0.jar,active_jar,401514,7295ae6681b178ed633e951b1f4478d15b2ed7b13836038caf7d3c9427fff1ff,immersiveui,ImmersiveUI,0.3.0,
improved-village-placement-1.1.2.jar,active_jar,34332,2d0a4d6e8c70ae342597b5d51e528c2c505658d741ba99852e16e930f186d638,improved_village_placement,Improved Village Placement,1.1.2,
incontrol-1.20-9.5.0.jar,active_jar,371650,c2c52bb32819dc8723f11c34099023fb08ab4f48d21d26eeadf671893465bf66,incontrol,InControl,${file.jarVersion},Unresolved metadata placeholder; use filename and hash; not a runtime version claim.
insanelib-1.23.4.6.jar,active_jar,369931,cadc3902d8bb6d454f6b5039381da3995220640a1945b65400a2a16f4052a318,insanelib,InsaneLib,1.23.4.6,
inventoryfull-1.0.0.jar,active_jar,60193,b9feb5b01b5327a8c79ca20ba87945d0ddc3e5363379b9d80d39dc63481f9394,inventoryfull,Inventory Full,1.0.0,
inventorysorter-1.20.1-23.0.11.jar,active_jar,54267,987bfb57aaaad23189c9747cb7177b8b20208f5fa1f23a09e442ed7711136263,inventorysorter,Simple Inventory Sorter,${file.jarVersion},Unresolved metadata placeholder; use filename and hash; not a runtime version claim.
invtweaks-1.20.1-1.2.2.jar,active_jar,75049,54ba6fd7d5e4b9a9dadf6876153b99a94b4997f8d4ee0e46c9c58ea5c8c95802,invtweaks,Inventory Tweaks Refoxed,${file.jarVersion},Unresolved metadata placeholder; use filename and hash; not a runtime version claim.
irons_lib-1.20.1-2.1.0.jar,active_jar,428969,db4c7cc853c0ffb1d36a0f19af22c224a8608b2a55c747adc70fb44455baf097,irons_lib,Iron's Lib,1.20.1-2.1.0,
irons_spellbooks-1.20.1-3.16.3.jar,active_jar,15570397,54b5aaa52887c38f570fbd820288171234d8541c17a5e953f9271189fdd480fb,irons_spellbooks,Iron's Spells 'n Spellbooks,1.20.1-3.16.3,
ironsbotany-2.1.0.jar,active_jar,774072,dfeab81855f2f00003562761a53ea6a85dd08d2d68447951fa77ab182ab02644,ironsbotany,Iron's Botany,2.1.0,
ItemPhysic_FORGE_v1.8.13_mc1.20.1.jar,active_jar,55792,2db15be22b848c3f937b6d30dd8875a6cd4e42776242092ac9a3c4f1f01bef4c,itemphysic,ItemPhysic,1.8.13,
Jade-1.20.1-Forge-11.13.3.jar,active_jar,553487,a632c77975e5aedff6322b0072f8b0db3f5d4bf914df6bdcc87d1aea4d5f55f4,jade,Jade,${file.jarVersion},Unresolved metadata placeholder; use filename and hash; not a runtime version claim.
JadeAddons-1.20.1-Forge-5.5.1.jar,active_jar,91754,faf39cd0326e5127004be0b0c96ba7d52fa40cf9c7f85854bd47e3ebfc402f4c,jadeaddons,Jade Addons,${file.jarVersion},Unresolved metadata placeholder; use filename and hash; not a runtime version claim.
Jadens-Nether-Expansion-2.3.5.jar,active_jar,23488061,97c9c1271c3f551663592b689771e45d63098e674899596d693641b82ecf5ccb,netherexp,Jaden's Nether Expansion,2.3.5,
jadensnetherexpansiondelight-1.20.1-1.0.4a-forge.jar,active_jar,153506,170edf1107eb1a52424811f5b26a551415d76fd9bca2485548a024441a275284,jadensnetherexpansiondelight,Jaden's Nether Expansion Delight,1.20.1-1.0.4a-forge,
jamlib-forge-1.3.6+1.20.1-patch.1.jar,active_jar,191607,ad71c5ad93d305fd9c1f1dcecea2b7431886452baca5b324e80ba3c1241a3e3b,jamlib,JamLib,1.3.6+1.20.1-patch.1,
jauml-forge-1.20.1-2.3.0.jar,active_jar,160579,e38b7561e3211aabbe3a74a2e026a6c486a4bfd86e08ad5f39985184649e8c9d,jauml,Jauml,2.3.0,
jei-1.20.1-forge-15.56.0.205.jar,active_jar,1778129,6b251e60a4719c874da89d750af97aa6498f6f4475e3ae79cb1288c7bf0cb65c,jei,Just Enough Items,15.56.0.205,
jewelcraft-reforged-1.0.0.jar,active_jar,3024113,db2e5462b1091d584a6174ccde7d75b5402491a49851e84eeb7260c9205f4486,jewelcraft,Jewelcraft Reforged,1.0.0,
JsonThings-1.20.1-0.9.13.jar,active_jar,528983,fed77277bc5acb79c9b3dc72b5d4fae2cea654cb71605fd7910118a750da0e3c,jsonthings,Json Things,${file.jarVersion},Unresolved metadata placeholder; use filename and hash; not a runtime version claim.
Just-Enough-Botania-1.20.1-v0.2.1.jar,active_jar,31310,78a04bdcd7ae6d03c3db5cbfd0466a0892274057cba928e7b2f5b46361223163,botaniajei,Just Enough Botania,0.2.1,
JustEnoughProfessions-forge-1.20.1-3.0.1.jar,active_jar,24607,13e2012375d16663192cf67f5e4139335e5dcbeaf2adf7e8a4816b013802f96a,justenoughprofessions,Just Enough Professions (JEP),${file.jarVersion},Unresolved metadata placeholder; use filename and hash; not a runtime version claim.
JustEnoughResources-1.20.1-1.4.0.247.jar,active_jar,276231,311d3a83db489d27b96cd15deb690ce64c78cffb552c25c3dff85956a14ec09e,jeresources,Just Enough Resources,1.4.0.247,
Kambrik-6.1.1+1.20.1-forge.jar,active_jar,325546,37d0c2b03a1f3aacb30498d67c35adaca99dc9ecd30f66f383016f4cbc85be8e,kambrik,Kambrik,6.1.1+1.20.1,
konkrete_forge_1.8.0_MC_1.20-1.20.1.jar,active_jar,625185,e78686b92c3761ec26eb9d3c53efdd3d6ca77981cbd3723995e1163b7103ae0b,konkrete,Konkrete,1.8.0,
kotlinforforge-4.12.0-all.jar,active_jar,7442998,6a66c6a68ec09f8717cdbf06883394f0ee24d7cd826b7134a0f81839e8e720ae,,,,No top-level Forge/Fabric metadata parsed; may be content or nested packaging.
kubejs-forge-2001.6.5-build.26.jar,active_jar,1658792,1769312192fbf9d72f45054ba61130523bfb471b5f480a4bff8c210ec09400bb,kubejs,KubeJS,2001.6.5-build.26,
L_Enders_Cataclysm-3.31.jar,active_jar,73916104,c29dcf940168208517b72f2d9965828b106a6b94cbea55d5001558c69a27b362,cataclysm,cataclysm,3.31,
legendary_additions-1.20.1-1.0.18.jar,active_jar,1769784,0815fe3433e82a0d956ffcc932c82c98dcfe28600d4751967fbc0e160bb01396,legendary_additions,Legendary Additions,1.20.1-1.0.18,
legendary_delicacies-1.0.8.jar,active_jar,691237,05b52f69f9778c9e17b3752812d7340bb74f533d701eccf1e9a115ee0fab3691,legendary_delicacies,Legendary Delicacies,1.0.8,
legendaryblockentities-0.12.0.jar,active_jar,433618,e1a43230c042c05c52038428a1ecac888f8d843a8da98f5862f0e4f2f880118c,legendaryblockentities,Legendary Block Entities,0.12.0,
legendarycreatures-1.20.1-1.1.3.2.jar,active_jar,6410418,e2628a6b816c194e758ec174ee4ebd0101a47e147347c1d99731d02e0eeb1a33,legendarycreatures,Legendary Creatures,1.20.1-1.1.3.2,
legendarymonsters-2.2.3 MC 1.20.1.jar,active_jar,44954907,a90a3009e502ba4f235e5bd9a7493c2307e4060f0ee21fd02e62f9893912321c,legendary_monsters,LegendaryMonsters,1.20.1,
legendarysurvivaloverhaul-1.20.1-2.4.7.jar,active_jar,3751172,bae7c07ff9ac62e1b1045207a311c412b09b110651ebbb701a69994cac79a60e,legendarysurvivaloverhaul,Legendary Survival Overhaul,1.20.1-2.4.7,
LegendaryTooltips-1.20.1-forge-1.4.5.jar,active_jar,55258,15521ab414b92f60e75bdd49724eb65bb6aa8b3d6f72c157cc261011d58d625e,legendarytooltips,Legendary Tooltips,${file.jarVersion},Unresolved metadata placeholder; use filename and hash; not a runtime version claim.
lendersdelight-1.20.1-1.0.10b.jar,active_jar,194178,1db148e6b252a49409e2c71aa67302f530c491032f3ecbf25ab8e2c698b0cfaa,lendersdelight,L_Ender 's Delight,1.20.1-1.0.10b,
Library_of_Exile-1.20.1-2.1.14.jar,active_jar,685644,cf7bb61b91a8eb50192c31a0de5c1f82dba19e68902a620ce32cb4c62e90247e,library_of_exile,Library of Exile,2.1.14,
libraryferret-forge-1.20.1-4.0.0.jar,active_jar,190536,355f5000b56d6f355338bd494fcdb822f36e29cf9e3c27ebcc7720402a804510,libraryferret,Library ferret,4.0.0,
lionfishapi-3.0.jar,active_jar,101931,d2fdaf7e9bc53fde7da4a86ab17018a3ed6c16fc2d46de5054e5a83e2bef7871,lionfishapi,LionfishAPI,3.0,
lititup-1.20.1-4.26.1.jar,active_jar,259924,6eb11bb22c02fa08f7f8b9b3e746784309324942e9cc6407925bc9c202047f6d,lititup,Lit it Up,4.26.1,
livestockxrecruits-1.3.jar,active_jar,29713,8cd52ae96cfc5db34a275e2798ec955816a2b633154e6a16293c445a586f7a16,livestockxrecruits,LivestockxRecruits,1.3,
locks_reforged-1.7.5.jar,active_jar,764811,d7ca3b957e98575a3c8d715a3efa26ac98d7b7e60fd321141fef4fb2b3fdbfbc,locks,Locks,1.7.5,
lodestone-1.20.1-1.6.4.1.jar,active_jar,670934,e9f8b7bc70ba99d97005f2acee2061b149785fbae3c1e37db08c79197bcc7c2d,lodestone,Lodestone,1.20.1-1.6.4.1,
loot_journal-forge-1.20.1-6.2.2.jar,active_jar,940024,75a31e23b2a74d07f903d7dc0fe813f89f7e6d94da4c9d884204042a20a54a1a,loot_journal,Loot Journal,6.2.2,
lootr-forge-1.20-0.7.35.94.jar,active_jar,463485,01200ee5889e6bcc3c5fa8f32b7b49a4bd58e653699eeb655c6f2dd314e3ce51,lootr,Lootr,0.7.35.94,
lukis-grand-capitals-1.1.3.jar,active_jar,9037598,58182dc8d306afd944e708e0480d939a9adc3fcdab75c0bebd122a32c63d3851,mr_lukis_grandcapitals,Luki's Grand Capitals,1.1.3,
lukis-strongholds-v1.0  1.20-1.20.3.jar,active_jar,868953,5b1823dc85900969714a171fbea34a2128b91059cbff30f953ae102cf3b0e7eb,mr_lukis_strongholds,Luki's Strongholds,1-v1.0,
lukis-woodland-mansions-v.1.0-1.20-1.20.6.jar,active_jar,1455004,45a678beaa5789ee94fdcde9f9043d7e3049f7c1e7e92f4d65baaa8052c0af0a,mr_lukis_woodlandmansions,Luki's Woodland Mansions,1-v.1.0,
lycanitesdelight-1.20.1-0.4.0.jar,active_jar,255509,b6b5d492286f6c3b1372a31108a02fa9955443eee60caf30671354347f108d28,lycanitesdelight,Lycanite Delight,0.4.0,
lycanitesmobs-0.1.0-alpha.jar,active_jar,120273047,f4b5c193dc56a7b5c291e489837f57e09fef4f90c1171e6382d2978731936420,lycanitesmobs,Lycanites Mobs,0.1.0-alpha,
magicnpcs-0.9.1.jar,active_jar,607114,aa97075e91a1e42f36f126e8401bea3ad807bdc7cf44e107826d4dc9466f84da,magicnpcs,Magic NPCs,0.9.1,
majrusz-library-forge-1.20.1-7.0.8.jar,active_jar,437340,4d58fc2db26343d6b163dbb8f8c98e554ada6fffb634b9896c2d274629090548,majruszlibrary,Majrusz Library,7.0.8,
majruszs-accessories-forge-1.20.1-1.5.3.jar,active_jar,316337,a4e539c22fa87f791fc3937ff68cbdc54cc47a73179fdb1c1bfb8e4b7dc11c76,majruszsaccessories,Majrusz's Accessories,1.5.3,
Mantle-1.20.1-1.11.117.jar,active_jar,1652715,bcb9681f78dde0da7e63e92abb341dc0dc09503fc1ab78c96f9d40571edc240d,mantle,Mantle,1.11.117,
map_atlases-1.20-6.0.20.jar,active_jar,746226,f9eebab3db00ab39a9b8134fba3c2c6b6868f5786c68bba59b2b32d166b42169,map_atlases,Map Atlases,1.20-6.0.20,
mcaconversations-1.7.2.jar,active_jar,5053527,bee012b4376959110466ae7ddbb9c25b24d6e797dba32723fc8592b4c4225214,mcaconversations,MCA: Conversations,1.7.2,
mcacrime-0.7.5.jar,active_jar,3138787,df519f278bf1055179ae91ce22d785fcdfc18d4932e81670bde5dbbcfc9aa112,mcacrime,MCA: Crime,0.7.5,
mcamobcompat-0.2.0.jar,active_jar,119393,ba9d77f20215b923174749589c3c76ec974723fdb758c94160ca8e712efb44a8,mcamobcompat,MCA: Mob Compatibility,0.2.0,
mcaquests-1.6.6.jar,active_jar,2759889,52e136f20c62cb3068992d17e44f299d5248a5eed2097be32ef0d095384d1d0f,mcaquests,MCA: Quests,1.6.6,
mcareputation-0.6.0.jar,active_jar,764128,897cde3e016222e246aca6ad436a0a8a3a97efdd091d2a9bd10f754477460145,mcareputation,MCA: Reputation,0.6.0,
mcw-bridges-3.1.2-mc1.20.1forge.jar,active_jar,693579,95c5aae4e82758d5c0ca2ba61c4cf72e9240e53f68befe8104c68fa9f9b19eed,mcwbridges,Macaw's Bridges,3.1.2,
mcw-doors-1.1.5-mc1.20.1forge.jar,active_jar,1246753,e975bdd5ed1d680e37fb2a6cda4f4eb5c42a837fa24b0cddabe7688df42c10af,mcwdoors,Macaw's Doors,1.1.5,
mcw-furniture-3.4.1-mc1.20.1forge.jar,active_jar,2174615,9f068315ac5ae7c4b76a6ac0679cde9be59d5cbf37488a477f13b95fe1cbc37d,mcwfurnitures,Macaw's Furniture,3.4.1,
mcw-lights-1.1.5-mc1.20.1forge.jar,active_jar,547779,174437555ff8b3938b5af8fa3f6efcc528fc101e90e35b89570323e4a3726f0a,mcwlights,Macaw's Lights and Lamps,1.1.5,
mcw-mcwfences-1.2.1-mc1.20.1forge.jar,active_jar,708634,10deb617769e9674a767a3991af4c46afd081b5de42cee326f71ef2700a14313,mcwfences,Macaw's Fences and Walls,1.2.1,
mcw-mcwpaths-1.1.1-mc1.20.1forge.jar,active_jar,812573,9a809897462ca11c1920748b0fdf4555f05ef3650db1bd82016906795d068c9f,mcwpaths,Macaw's Paths and Pavings,1.1.1,
mcw-mcwstairs-1.0.2-mc1.20.1forge.jar,active_jar,554055,c952bf7b9eec89071d05da79f73459565847c65187b2f342fa0933c46605bfea,mcwstairs,Macaw's Stairs and Balconies,1.0.2,
mcw-mcwwindows-2.4.2-mc1.20.1forge.jar,active_jar,1320692,7674d829d5a38d91ca68061e087fded92e976e3e461edcf75117e37a257e8f10,mcwwindows,Macaw's Windows,2.4.2,
mcw-roofs-2.3.2-mc1.20.1forge.jar,active_jar,1864023,3554317ad8d082a3d9fb5d8b387f5206e545323b4387ed1b93b7b3bf889def3f,mcwroofs,Macaw's Roofs,2.3.2,
mcw-trapdoors-1.1.5-mc1.20.1forge.jar,active_jar,604510,c2abff58334d79ea61278c6dffd941a4f4ceb5cffadf889359fd45a003738217,mcwtrpdoors,Macaw's Trapdoors,1.1.5,
mcwregionsunexplored-1.20.1-1.6.jar,active_jar,12569895,6aa4b2e24bd3c689b231b5e7754454c076a0e0db5127c7e8f8086a1e112178a1,mcwregionsunexplored,Macaw's Regions Unexplored,1.20.1-1.6,
medieval_buildings-1.20.1-1.1.3-forge.jar,active_jar,313635,1e45593b718dbdb04a4ab228cf165afc27840e605bc44a65e0b0730b1ec1c178,medieval_buildings,Medieval Buildings,1.1.3,
medieval_buildings_nether_edition-1.20.1-1.0.2-forge.jar,active_jar,722849,e77e6c39641335f584f3310d701ac85491d54088ce9740643484c94b1d6550a4,medieval_nether,Medieval Buildings [The Nether Edition],1.0.2,
melody_forge_1.0.3_MC_1.20.1-1.20.4.jar,active_jar,37178,933e2a7e79c4594f965f7f7d00b1f28a98ec2a180ad8f9f90310a266fe5cf5d8,melody,Melody,1.0.2,
minecraft-comes-alive-7.6.26+1.20.1-universal.jar,active_jar,13058547,5dc3ee1f2f74221b3b7b73456451bf9a3f0cc87c8378a64233680f051dbc3d19,mca,Minecraft Comes Alive,7.6.26+1.20.1,
mobsunscreen-forge-1.20.1-3.1.1.jar,active_jar,11361,92595dacd3a5fccefb61819453165066f978537815a2ddd4b4d74c7d0c699c91,mobsunscreen,Mob Sunscreen,${file.jarVersion},Unresolved metadata placeholder; use filename and hash; not a runtime version claim.
mobtimizations-forge-1.20.1-1.0.1.jar,active_jar,27943,1713bbf6aba4e5cdf21854cc8daf6b4c3893bc175778367273b9b052340ae168,mobtimizations,Mobtimizations,1.20.1-1.0.1,
modelfix-1.15.jar,active_jar,45246,35f27982242a3ea58c526204a28704ddf355d19bb2e9b0ff10f9585c255a4f16,modelfix,Model Gap Fix,1.15,
modernfix-forge-5.27.83+mc1.20.1.jar,active_jar,1003230,954ff22f601be8de3978a0d7636a138dc93801c6ac55cfd71ef1cd2895de8e5f,modernfix,ModernFix,5.27.83+mc1.20.1,
MoogsMissingVillages-1.20-2.1.1.jar,active_jar,602490,c630e895888e0092158d5e87affc4533e593d7af797b248b0d3e7cb4c23b0bcc,mmv,MoogsMissingVillages,2.1.1,
MoogsStructureLib-forge-1.20-3.3.1.jar,active_jar,440233,8a88a70c5b2ebea1b180063120c358d82417019884e716de6de75181dc9063c6,moogs_structures,Moog's Structure Lib,3.3.1,
moonlight-1.20-2.16.35-forge.jar,active_jar,1425229,55e60e041318c5fabcb02d41e989db2c8b784ba7a991525fa461c6522a67719e,moonlight,Moonlight Library,1.20-2.16.35,
morevillagers-forge-1.20.1-5.0.0.jar,active_jar,233335,44b86176f3c9905c4dc2fc9b8b38c31693da7e10ab10b53fd108e985be8f4658,morevillagers,More Villagers,5.0.0,
MouseTweaks-forge-mc1.20.1-2.25.1.jar,active_jar,76237,6c27d16aa715ac6613a55fc463739e2c7b78279e4e4c4cede299e4a2d4a70f08,mousetweaks,Mouse Tweaks,${file.jarVersion},Unresolved metadata placeholder; use filename and hash; not a runtime version claim.
mowzie_respawner-1.1.0-forge-1.20.1.jar,active_jar,335873,7e4a883ae06681b23ebf6a13180eea14ce2e998bf5dd5105c2b676b6d9377164,mowzie_respawner,Mowzie Mobs Respawner,1.1.0,
mowzies_cataclysm-1.2.1.jar,active_jar,29019,04d46a8a926f200747d834de36764382646014166b672fca0e32703842531c3a,mowzies_cataclysm,Mowzie's Cataclysm,1.2.1,
mowziesmobs-1.8.2.jar,active_jar,36033850,e8ce1768cda6f1e1fadd2321c92921b473bd0cee45ba4b8387fb30f8326cb31c,mowziesmobs,Mowzie's Mobs,1.8.2,
muchmoredungeons-forge-1.20.1-1.2.0.jar,active_jar,1486114,55fa6e5de3fde354b47b89852888e83474115d6c62427a0b71c1ce8d4cc22f2e,muchmoredungeons,Much More Dungeons,1.2.0,
multimine-1.20.1.4.jar,active_jar,36602,3e8f152bfe0e57718553d5baa1e6fdefe04867470446cadd81d0e0c8b08b5150,multimine,Multi Mine,${file.jarVersion},Unresolved metadata placeholder; use filename and hash; not a runtime version claim.
Necronomicon-Forge-1.6.0+1.20.1.jar,active_jar,33251,403b23457288c624a55feb90d5e813c88c23a611bc42cda397c4bfac94b4c3a3,necronomicon,Necronomicon,1.6.0,
nocube's_better_blast_furnace_1.0.1_Forge_1.20.1.jar,active_jar,8814,3263814354e260b6407ea442ec73771f6902f20ab85b1c6eaeffb433e24c14e5,ncbetterblastfurnace,NoCube's Better Blast Furnace,1.0.1,
nocubes_better_fletching_table_1.0.1_forge_1.20.1.jar,active_jar,14187,c2c0a9bf17a949690e4efde0066edaa2bfb21b620c70cc84baf5383e25d04cf1,nocubesbetterfletchingtable,NoCube's Better Fletching Table,1.0.1,
notenoughanimations-forge-1.12.6-mc1.20.1.jar,active_jar,1870649,66f1f6d61102dd03a4afafe4c9f1d39be9e55dabc8d0821cb46acca1328b525d,notenoughanimations,NotEnoughAnimations,1.12.6,
OctoLib-FORGE-0.5.0.1+1.20.1.jar,active_jar,424035,5bb146c691f2c5054752f006a61aab6335ecb1cd9718a9643733de5367971047,octolib,OctoLib,0.5.0.1,
oculus-mc1.20.1-1.8.0.jar,active_jar,2851119,0945df0cba0f62b3901dd80c3268e5311b770ece78c78037a45db12ac0425fef,oculus,Oculus,1.8.0,
origins-forge-1.20.1-1.10.0.9-all.jar,active_jar,2307868,5244b8b4434cd1bb6f4ebb71a36008218e700ed3245c14f867b8dc5487137c64,origins,Origins,1.20.1-1.10.0.9,
otestinkers-1.0.0.jar.disabled,disabled,364846,210c084c4c05776d3cd34a66050251417575f2d3ef1daa6f7570015715c4e608,otestinkers,Ote's Tinkers Addon,1.0.0,
OverflowingBars-v8.0.1-1.20.1-Forge.jar,active_jar,73689,43304f93366c8581b51c8d5198ebb2b1b726787c3aff5d280a4ef8971bdd0ea7,overflowingbars,Overflowing Bars,8.0.1,
packetfixer-3.3.2-1.18-1.20.4-merged.jar,active_jar,188661,12f96ecb8e61e0b3d3f0ca5701f479904904501dd251aa7bb60205afdf6bc2ce,packetfixer,PacketFixer,3.3.2,
ParCool-1.20.1-3.4.3.3.jar,active_jar,1154052,2ddef8752b5a1428035b95f29e62c81e33b80d37851681e1b928d8a01615c6e7,parcool,ParCool!,${file.jarVersion},Unresolved metadata placeholder; use filename and hash; not a runtime version claim.
Patchouli-1.20.1-85-FORGE.jar,active_jar,642732,05f7b5d52f6b8f0fd7f8b4822fa07a192d1394d83a264309c9d221d6d4fd21c5,patchouli,Patchouli,${file.jarVersion},Unresolved metadata placeholder; use filename and hash; not a runtime version claim.
Pehkui-3.8.2+1.20.1-forge.jar,active_jar,671605,54210f454c166f65a1bcbbfe4ea52e6f73e07844a793c7132f1af4076a0f42fc,pehkui,Pehkui,3.8.2+1.20.1-forge,
perf_tweaks-forge-1.20.1-1.4.0.jar,active_jar,743743,af4f21a66639ee91df33d887eb4c0bd4bac2fddb1ce16da172e2131b8b8b1731,perf_tweaks,PerformanceTweaks,1.4.0,
pettransfer-1.20.jar,active_jar,14045,ea58732f22b2855a1841c84e2ad11406c607671cb034791a89f074e202d52b65,pettransfer,Pet Transfer,${file.jarVersion},Unresolved metadata placeholder; use filename and hash; not a runtime version claim.
Placebo-1.20.1-8.6.3.jar,active_jar,282474,1cdf906cfbcbb5e5be2ef1bb721f79a24b01bd2ac559c8cdbfb7693f62421571,placebo,Placebo,8.6.3,
plantfiber-1.2.1.jar,active_jar,117648,d959eb3195c13bc9210bf063e5c634609aace0e18153be9233580281a5934a30,plantfiber,Plant Fiber + Grass Tier,1.2.1,
Platform-forge-1.20.1-1.3.4.jar,active_jar,512461,e35c013fb8cbd62900ccdf0872fc6c14b9858a711f6b2279c479f4b4f668d870,platform,Platform,1.3.4,
player-animation-lib-forge-1.0.2-rc1+1.20.jar,active_jar,181437,90d9965cb9efdbda29fdc5610be3914cf7008bf5c392ff34f7ab25f96a852691,playeranimator,Player Animator,1.0.2-rc1+1.20,
Prism-1.20.1-forge-1.0.5.jar,active_jar,52205,b1a576f920faeb2175f693e3ee7ba9e5ff0bcf0e404da29f1824ea3c66efd240,prism,Prism,1.0.5,
progressivebosses-4.3.12.jar,active_jar,1023364,bdc585265d31246b5c7a2f32ff8b39efc5bfd500aa11aab6d26ada306c7b9bd1,progressivebosses,Progressive Bosses,4.3.12,
puzzledungeon-forge-1.20.1-1.2.0.jar,active_jar,731529,12bb30491ae4c1f04f8693090f67714fa3b926a1d1f6b097593425d0f72b6f97,masiks_puzzle_dungeon,Masik's Puzzle Dungeon,1.2.0,
PuzzlesLib-v8.1.33-1.20.1-Forge.jar,active_jar,1342987,f3077a9f817629b8e8929c1951042d1a1adc62d30b72adebd54d2b074a4faf4f,puzzleslib,Puzzles Lib,8.1.33,
radiantgear-forge-2.2.0+1.20.1.jar,active_jar,47170,2a6c7e0825c69bd38dc1bb1ce8a8d6b097cac835e16e46afaa0f207fb819bb96,radiantgear,Radiant Gear,2.2.0+1.20.1,
realistic_wheat-1.3.2-1.20.jar,active_jar,21954,169073a5c54fa44648df7c054d5f523492f59ef2023660d023812c04f17c3525,,,,Metadata not parsed: TOMLDecodeError
recruits-1.20.1-1.15.2.jar,active_jar,2811101,4b53c1b752e886ba10985aad2df30d668971810230eb77867e07428a21d1af7f,recruits,Villager Recruits Mod,1.15.2,
recruitscorpsepatch-0.1.1.jar,active_jar,28378,5c54c58455bfbeb7fd14eef040d28525679021bf7caa87edb358c0cacbd2187b,recruitscorpsepatch,Recruits Corpse Patch,0.1.1,
recruitsskins-0.2.0.jar,active_jar,236117,ba6b8a8d8f86411c2c8f347b90df409a576196a2a79fca15e633f0af41189f2b,recruitsskins,Recruits Skins,0.2.0,
RegionsUnexploredForge-0.5.6+1.20.1.jar,active_jar,5726781,5ba96a83d12c0e2eb3b22c0fa11262ff6d49ba8d2ebd03e1c59ab47ea7dcc2c6,regions_unexplored,Regions Unexplored,0.5.6,
resourcefulconfig-forge-1.20.1-2.1.3.jar,active_jar,136923,c404b9e5cf8595427a72d4ca6ee5730289168762b463f169be3ae5dfe3727ded,resourcefulconfig,Resourcefulconfig,2.1.3,
resourcefullib-forge-1.20.1-2.1.29.jar,active_jar,432753,b13afb95231d88e1caea5a045967e0fc291b29020b0d26ad39e6f9e9a551fee8,resourcefullib,Resourceful Lib,2.1.29,
rhino-forge-2001.2.3-build.10.jar,active_jar,1798244,fed2211429301bf043864183cab9ab8e92d4cc4dbb9e488ce6c75217c54584a6,rhino,Rhino,2001.2.3-build.10,
rightclickharvest-forge-4.6.1+1.20.1.jar,active_jar,288408,e7ae955174869497a7aa855cf859aba6f37abbb2a93b53e9e05935cf7709cc0a,rightclickharvest,Right Click Harvest,4.6.1+1.20.1,
rottencreatures-forge-1.20.1-1.1.0.jar,active_jar,2595007,cbf97ceeb4378b493884fc49fb668098edaca135dad81db548dea6f4c324e81b,rottencreatures,Rotten Creatures,1.1.0,
rpg_lore-2.2.0.jar,active_jar,390588,23d4bf3a3687ca9e80b3de5feb24708659ca0ad9ed51d3bbd552916675038182,rpg_lore,RPG Lore,2.2.0,
RUExpansion-1.0.1+1.20.1.jar,active_jar,567739,bffe150085f9fbe4ace36b77e27e24dab387cc9b928d22d4644b2b80db6939c3,ru_expansion,Regions Unexplored: Expansion,1.0.1,
runic_gods-0.2.1.jar,active_jar,1052189,d756d138962aa7ef58a9e0cea9e2c03acd9ba1ea42dc069eaa0082430e1e49ae,runic_gods,Runic Gods,0.2.1,
runic_races-1.7.1.jar,active_jar,1114809,4c92c48246a341686830fa25a3590e0e07b61475df332ce1a20a701fb4d73cb2,runic_races,Runic Races,1.7.1,
runicskills-2.2.1.jar,active_jar,3162906,ed4a8d5eb3b4a4ea6215cbaea5d83d6942743125487f364fe6e75f437b3d4f71,runicskills,Runic Skills,2.2.1,
saintsdragons-0.9.72+forge-1.20.1.jar,active_jar,28911777,f05894964b76834ece397b0ffb11157f61951d71a43a320e30bdea8df8208611,saintsdragons,Saint's Dragons,0.9.72,
saturn-mc1.20.1-0.1.3.jar,active_jar,92319,7e6dcc7c2b0db19ec2f965fac91a49e13dcc611f2d86f6bb56d7d68da901aaf8,saturn,Saturn,0.1.3,
Searchables-forge-1.20.1-1.0.3.jar,active_jar,77732,c1a76e93886210574d3f298c0461241fb711e52ac22c7a04d3236840f29e6576,searchables,Searchables,${file.jarVersion},Unresolved metadata placeholder; use filename and hash; not a runtime version claim.
SereneSeasons-forge-1.20.1-9.1.0.3.jar,active_jar,160885,650c35858d335d45adea5445ffaed25ccd433f5cbfe4936ac2694b250177b674,sereneseasons,Serene Seasons,9.1.0.3,
silent-lib-1.20.1-8.0.0.jar,active_jar,225949,9ca45fb6d723474d145227bed27dd1791cca30ac96fd8f05084417b0779e0e01,silentlib,Silent Lib,${file.jarVersion},Unresolved metadata placeholder; use filename and hash; not a runtime version claim.
simply_traps-1.7-forge-1.20.1.jar,active_jar,171139,932cb2547d2a918a9441c414913353912b77f7c2785f804efe8daabfc874d4a4,simply_traps,Simply Traps,1.7,
SkeletonAIFix-v20.1.1-1.20.1-Forge.jar,active_jar,45860,d5ded350419f22c696287f34b826d8ac586102e284f2c01becf3436e6650ee29,skeletonaifix,Skeleton AI Fix,20.1.1,
SkyVillages-1.0.4-1.19.2-1.20.1-forge-release.jar,active_jar,246865,4177db2fdb2d23b717dd3dbf64504c848935327bb4f5fbdff64ed907cb6c4571,skyvillages,Sky Villages,1.0.4,
smoothchunk-1.20.1-4.1.jar,active_jar,14249,0ee48f7bf78070a7cb5858492faa6fe7d58443acbd97a92547bd664ee710e5c1,smoothchunk,Smoothchunk mod,${file.jarVersion},Unresolved metadata placeholder; use filename and hash; not a runtime version claim.
sodiumdynamiclights-forge-1.0.10-1.20.1.jar,active_jar,511601,dff5325abb58c0c8526dffb80e764188bde045fd02ca6ed5e2bb76f0897d46f4,sodiumdynamiclights,Sodium Dynamic Lights,1.0.9,
sodiumextras-forge-1.0.7-1.20.1.jar,active_jar,438540,ce9a13c5f07e350f9c0b86af9e096aedb91cbc72996e59646da61ec724f1e4df,sodiumextras,Sodium Extras,1.0.6,
sodiumoptionsapi-forge-1.0.10-1.20.1.jar,active_jar,443978,37ec0b6248f04e856e6e5ba2066c4ded9981ce128282a9b45cdb10b67b9c8415,sodiumoptionsapi,Sodium Options API,1.0.10,
sophisticatedbackpacks-1.20.1-3.26.3.2157.jar,active_jar,1223451,6ab4a0cb739a6c11442a73d1b5f42c40c2ae93b31162fa63d81e1b66706e9e31,sophisticatedbackpacks,Sophisticated Backpacks,3.26.3.2157,
sophisticatedcore-1.20.1-1.5.1.2335.jar,active_jar,1734797,f4038a2e0d0e3504258fbe315cb27a37f1a769d71985bfa20afb983a3bdfab64,sophisticatedcore,Sophisticated Core,1.5.1.2335,
sophisticatedstorage-1.20.1-1.4.86.2131.jar,active_jar,1867685,33b4816be111ced6e54e0651fd1fd933eee9feb8e284d371a3246da06c65b6b2,sophisticatedstorage,Sophisticated Storage,1.4.86.2131,
spartancataclysm-1.1.2+1.20.1+forge.jar,active_jar,777009,cafb5d4b09421d4852e578d9c205b0b87f64330cecccb700f9d255cfa7837b32,spartancataclysm,Spartan Weaponry: Cataclysm,1.1.2+1.20.1+forge,
SpartanShields-1.20.1-forge-3.1.1.jar,active_jar,540665,920368908e26e1a75186e06affd03274d0fe93770d5c5d12c177f53d7aa1deac,spartanshields,Spartan Shields,3.1.1,
spartantoolkit-1.20.1-1.6.1.jar,active_jar,87097,e33951b88742d7547c898e1594511bc22329b5638469120ce04e96f806613ca7,spartantoolkit,Spartan Weaponry Addon Toolkit,1.20.1-1.6.1,
SpartanWeaponry-1.20.1-forge-3.2.1-all.jar,active_jar,2834011,2736ac2dd52a7b3a188df454e61a4154cd36e273fa770f3ab89dcf6e732e88ad,spartanweaponry,Spartan Weaponry,3.2.1,
specialmobs-1.20.1-4.1.25.jar,active_jar,2468427,38967b103f9a5d7484084870dbef6e0986c16cc1e11e8ef324af42f0e29f7792,specialmobs,Special Mobs,${file.jarVersion},Unresolved metadata placeholder; use filename and hash; not a runtime version claim.
SpiderOverhaul-0.0.6-Forge-v1.20.jar,active_jar,528118,8d9e056e836271646c71ba3f3f2ff222199396a1b1c63539e3b95fbaaca1e5fd,spider_overhaul,Spider Overhaul,0.0.6-Forge-v1.20,
starlight-1.1.2+forge.1cda73c.jar,active_jar,110583,e90763c86d362c7cb427dbb70e89985c11a882fdd69ae7d04ac2e23a106eb500,starlight,Starlight,1.1.2+forge.1cda73c,
stevesrealisticsleep-forge-1.11.2+mc1.20-1.20.1.jar,active_jar,357891,b7be0f4565e312ad9e60ab36ffb1ffed10680b8f77ecb85c35ceaa1827e9a131,stevesrealisticsleep,Steve's Realistic Sleep,1.11.2+mc1.20-1.20.1,
structureessentials-1.20.1-5.0.jar,active_jar,62974,602c8f17f6d805458c3da679b28183b0dfb4987457fd8a365de339d127f22831,structureessentials,Structure Essentials mod,${file.jarVersion},Unresolved metadata placeholder; use filename and hash; not a runtime version claim.
structurify-forge-2.0.38+mc1.20.1.jar,active_jar,727633,00b17374a048e6b0b08b8127e2bc5af82598ae5e44ee7c9ff4fb5353d5a7e1e4,structurify,Structurify,2.0.38,
SubtleEffects-forge-1.20.1-1.14.3.jar,active_jar,3514583,db8fdce99a45acbd70207a2d1a0901713d3e8001699508c460ab04e93e8db92c,subtle_effects,Subtle Effects,1.14.3,
supplementaries-1.20-3.1.43-forge.jar,active_jar,13667742,6132fc23a2fe1da0ca57439b35526ee9a1a8d898397ff8e61b2d08fb951cdf6a,supplementaries,Supplementaries,1.20-3.1.43,
tameablebeasts-1.20.1-7.1.3.jar,active_jar,1798574,6e0328109344e6594f690ffb128abb35acb72f90364aa1700dad1aef5c8d2fbb,tameablebeasts,Tameable Beasts,7.1,
TaxDeepVillager+M.1.20.1+ForM.2.0.0.jar,active_jar,641387,c5ce18a40dd9cce6555ba6490f8c40e62f1187f0ce9f8dceaee8e2eded39d635,taxdv,Tax' Deep Villager,2.0.0,
tconjei-1.20.1-1.6.1.jar,active_jar,43249,8cf6d080b896f9355b32045e0b06fd12a6b6376b1a1ecfc1a5e6ffd68273cde2,tconjei,TConJEI,1.6.1,
TconPlanner-1.20.1-forge-1.8.0.jar,active_jar,180138,4592add2136fa654607fb0555b180110dfed02e15569ccafac935e64554d7d71,tconplanner,Tinker's Planner,1.8.0,
TConstruct-1.20.1-3.12.0.220.jar,active_jar,23390475,17fbf7a95d61611a81b45eab5445add0ca5852370e618c8a55cce3eec338dffa,tconstruct,Tinkers' Construct,3.12.0.220,
TelePass-forge-1.20.1-2.1.2.jar,active_jar,41772,a6bd083dfe8a70e0229ded34366249b714d328ab6810515afba556e23078bcb6,telepass,Telepass,${file.jarVersion},Unresolved metadata placeholder; use filename and hash; not a runtime version claim.
TerraBlender-forge-1.20.1-3.0.1.10.jar,active_jar,107532,c109016f46ca9bdae69976bf080bbf2e8e5968cb66c0a78845f8ca6af5dbbeb1,terrablender,TerraBlender,${file.jarVersion},Unresolved metadata placeholder; use filename and hash; not a runtime version claim.
The-Harvest-1.20.1-1.1.8.jar,active_jar,422744,db2c33a7bf362fa75cdf86f3622aa192799ab72128bf56b3d876d3c105d0ca76,the_harvest,The Harvest,1.1.8,
tide-forge-1.20.1-2.1.1-hotfix.jar,active_jar,2179194,cac8ec3ee8772686ac8d3c35b86869399cede9ce1cc194cea925dc8d3b498a22,tide,Tide,2.1.1,
tidesdelight-1.20.1-1.2.0-forge.jar,active_jar,65733,6c97fae98fc50c0e285f885ef9388d81299aeea4e0d0968a406627059aae5d2d,tidesdelight,Tide's Delight,1.1.0,
tinker_rapier-1.0.1-1.20.1.jar,active_jar,316489,b209c441c581a6d5a05845e74a854b8d6fd54186f375e578551ccbcad382c2f5,tinker_rapier,Tinkers' Rapier,1.0.1-1.20.1,
TinkerBetterCombat 0.14.jar,active_jar,16751,b683899e4d762c79db08eba97ae2afa16c79e8e33a9817b3007ce298d71ae8d7,tinkers_better_combat,Tinkers' Better Combat,1.8.6,
tinkers_jewelry_ex-1.0.3.jar,active_jar,92692,0a5a1a3c538798808b8066e7a9df3d81e3bcd5f40cfa4d74179b2c1de76c46aa,tinkers_jewelry_ex,Tinkers Jewelry EX,1.0.3,
tinkersdelight-1.2.0-forge-1.20.1.jar,active_jar,243280,22f5106a0f30d9dc77fbd5abd9789412a5fd2b38b289c8a39b1abe590f0d15c6,tinkersdelight,Tinkers' Delight,1.2.0,
tinkersjewelry-1.2.0.jar,active_jar,1117039,f80f5f426ab6362f28b72a31b6ea903942a74f4882cdff5a955a825f3d76171c,tinkersjewelry,Tinkers' Jewelry,1.2.0,
TinkersKatanas-1.20.1-1.5.0.jar,active_jar,1474797,a188d830ac348cc5e5426a4989edd2be2728cd6a36ce1c59ab1625324a20dd32,tinkers_katanas,Tinkers' Katanas,1.5.0,
TinkersLevellingAddon-1.20.1-1.4.3.jar,active_jar,319956,2e343c330b9f4a97f1b32867ed0ec74c629ecd08cd91c15824b1b8c238f008a0,tinkerslevellingaddon,Tinkers' Levelling Addon,1.4.3,
tinydragons-1.0-forge-1.20.1.jar,active_jar,1193635,a7ec5fa8ab58d761ef611605ad9931c8d9484fcd712ec6ebfaa82fb168460dc7,tinydragons,Tiny Dragons,1.0,
tlib-forge-1.5.0-1.20.1.jar,active_jar,232694,dfd14e1bc0193e59b728e2e75c7720328af5049e28cde4b254448c740de539dc,tlib,TLib,1.5.0-1.20.1,
ToastControl-1.20.1-8.0.3.jar,active_jar,26957,e9923900cabbc12ffde7cc36113936f24b773bb33b22c19e4109cca52fc55ad6,toastcontrol,Toast Control,8.0.3,
too_many_bows-forge-4.1.2.jar,active_jar,1034336,5847f1a8f91b2dd4992f2c55eaea6ad9260406c449eb85fb150a067a2d586c29,too_many_bows,Too Many Bows,4.1.2,
townstead-0.7.6+1.20.1.jar,active_jar,5296082,78ab52d551dfaf2ca3366da565ccb501918f73affe7b48f339ce63b17de1513e,townstead,Townstead,0.7.6+1.20.1,
trashslot-forge-1.20.1-15.1.5.jar,active_jar,117983,7f038937dffeebc3885d347c47622d504a562da0bcce7873c50f2753db0a3746,trashslot,TrashSlot,15.1.5,
traverse-forge-7.0.12.jar,active_jar,6083197,3a823638c40f1282a6b2e9241c0e089fe2c64cdcd4a23634ccb0e065b3c795d9,traverse,Traverse Reforged,7.0.12,
treasure-bags-1.20.1-1.9.0.jar,active_jar,114801,e979312190abb9c0168114d4a2a0152ba50a258af8aadf7b3bb06c61124f861d,treasurebags,Treasure Bags,${file.jarVersion},Unresolved metadata placeholder; use filename and hash; not a runtime version claim.
TreeChop-1.20.1-forge-0.19.0-fixed.jar,active_jar,517225,219fbe5bf8d862dc7b524ca5a0151f66bba4d53a01010858e136a9e8c4d55d4f,treechop,HT's TreeChop,0.19.0,
Twigs-1.20.1-3.1.0.jar,active_jar,2766476,5adc1265827dcc0534940523a57366e9d58ba72800021b667469e02d48cf6640,twigs,Twigs,1.20.1-3.1.1,
ultima_kingdoms-0.1.0.jar,active_jar,580903,a5359f9ed0cf42a24ae68e2d2ddb78004f186bceed8f3973b69e081ff366a68b,ultima_kingdoms,Ultima Kingdoms,0.1.0,
underground_rooms-2.3.2-1.20.1.jar,active_jar,375584,2148aee0e88fd939821aa05200f2c6022aa3b8ade695b383ed6277bfab136d50,underground_rooms,Underground Rooms,2.3.2-1.20.1,
underground_village-1.5.7.jar,active_jar,363538,beb7cc4bd4e9ba55b3ffd2e925bc6e7c396949b7493a4050f6ac395972129956,underground_village,"Stoneholm, Underground Village",1.5.7,
UndergroundVillages-forge-1.20.1-2.1.0.jar,active_jar,282271,7b02799a380aa2d28f19c68197ac3bc9686e6bb25813f5984bdcfa9265de39f4,underground_villages,Underground Villages Mod,${file.jarVersion},Unresolved metadata placeholder; use filename and hash; not a runtime version claim.
uniqueaccessories-1.3.3-forge-mc1.20.1.jar,active_jar,521352,5e7db68e978cbafacf78bbaba9dbc058dab9417ff2da584d71d4220c2edfe0b1,uniqueaccessories,Unique Accessories,1.3.3,
unlitcampfire-forge-1.20.1-1.9.2.1.jar,active_jar,39504,92414804add7ba94c5969a29c6fa054d0d98c073405acbf7622d3ec179ad1b32,unlitcampfire,Unlit Campfire,1.20.1-1.9.2.1,
VariantCraftingTables-1.20.1-2.0.2.jar,active_jar,1161770,b1e00750db3d69a066dfde4891b0f3602e8171f53867ecdba3f804749fb9e5db,vct,Variant Crafting Tables,${file.jarVersion},Unresolved metadata placeholder; use filename and hash; not a runtime version claim.
variantsandventures-forge-1.0.26+mc1.20.1.jar,active_jar,1270628,5a644f3aadbc24908d11dce61f40a6dc8ef8ff9270e55753b1302992a717eb5c,variantsandventures,Variants&Ventures,1.0.26,
villagersplus-forge-mc1.20.1-4.0.0.jar,active_jar,456698,4ee0401be6574f31c34aded2940a827570e728a997163da52280a510789f5d26,villagersplus,VillagersPlus,4.0.0+mc1.20.1,
villagertradingplus-forge-mc1.20.1-1.0.0.jar,active_jar,180446,eec2a2299f1261fb88221706dd1e2df528e0e7c40c76d7a89f674977fb68ec39,villagertradingplus,VillagerTradingPlus,1.0.0+mc1.20.1,
visuality-forge-2.2.0.jar,active_jar,226834,0eb8b00fb8e3bef96930a13a6abeec6fde624baf95886d54e82986f03998d88e,visuality,Visuality: Reforged,2.2.0,
VisualWorkbench-v8.0.1-1.20.1-Forge.jar,active_jar,82557,915f226fa14ce274879487dd14f38af5c57e1a9ada85099501134c4c8a03897a,visualworkbench,Visual Workbench,8.0.1,
waystones-forge-1.20.1-14.1.21.jar,active_jar,536782,fd6fe3c645328ea7be5bc6723d02c881e34650e0cbd4527ba59e42fa4cbe3c80,waystones,Waystones,14.1.21,
YeetusExperimentus-Forge-2.3.1-build.6+mc1.20.1.jar,active_jar,568278,6dacf5ea0cec5d6d53e7d002d4a06ac4fa5f7ec665f3932bb6566136e6a7f8ed,yeetusexperimentus,Yeetus Experimentus,2.3.1-build.6+mc1.20.1,
yet_another_config_lib_v3-3.6.6+1.20.1-forge.jar,active_jar,1105891,bd05da3d9df29b914165583f1c6dfd918a138996447ff32c0418329824027a8f,yet_another_config_lib_v3,YetAnotherConfigLib,3.6.6+1.20.1-forge,
YungsApi-1.20-Forge-4.0.6.jar,active_jar,370524,101c30d01d0cf9d86190f578eb1e43bd06b64092e95662a00ef52946f472c7b1,yungsapi,YUNG's API,1.20-Forge-4.0.6,
YungsBetterCaves-1.20.1-Forge-2.0.7.jar,active_jar,407680,928054e107c9051ab0e4f5c6beb114ce9e2a1521067cf07e88330052998a9ea0,bettercaves,YUNG's Better Caves,1.20.1-Forge-2.0.7,
YungsBetterDesertTemples-1.20-Forge-3.0.3.jar,active_jar,918012,5a74294725232c665b908af6e25224d111550cf69d74613e415b9f48ff150d16,betterdeserttemples,YUNG's Better Desert Temples,1.20-Forge-3.0.3,
YungsBetterDungeons-1.20-Forge-4.0.4.jar,active_jar,792381,93c24e4075c51da0866f3fc92322bdb60e590ac2cd78dce275460839c54c36f5,betterdungeons,YUNG's Better Dungeons,1.20-Forge-4.0.4,
YungsBetterJungleTemples-1.20-Forge-2.0.5.jar,active_jar,806652,728c0a807742356887edf7d4f736b3870b7c84007ec9c495c27da1dc0b61078d,betterjungletemples,YUNG's Better Jungle Temples,1.20-Forge-2.0.5,
YungsBetterNetherFortresses-1.20-Forge-2.0.6.jar,active_jar,619255,12cffc99dccca69d294ba5bc39c331367794b339061572a6f3773620303a2f51,betterfortresses,YUNG's Better Nether Fortresses,1.20-Forge-2.0.6,
zmedievalmusic-1.20.1-2.2.jar,active_jar,304415885,afe5d3d0b6623fb2df6622a76e8fc93d8ab8b32cd9384ca138dec1944049ac84,medievalmusic,medievalmusic mod,${file.jarVersion},Unresolved metadata placeholder; use filename and hash; not a runtime version claim.
